SKU,Producto,Nombre_Botanico,Formatos_Disponibles,Linea_Comercial,Precio_PV,Disponibilidad
350017,Thieves®,Especie botánica auténtica,"15ml, 5ml",Aceites Individuales,17.25,En Stock
350034,KidScents®,Especie botánica auténtica,"15ml, 5ml",Aceites Individuales,19.50,En Stock
350051,NingXia Red®,Especie botánica auténtica,"15ml, 5ml",Aceites Individuales,21.75,En Stock
350068,Product Guide,Especie botánica auténtica,"15ml, 5ml",Aceites Individuales,24.00,En Stock
350085,Abeto de Vancouver (Idaho Grand Fir) 5 ml 31.00 PV Al por menor: &#x20AC;50.30 Al por mayor: &#x20AC;38.22,Especie botánica auténtica,"15ml, 5ml",Aceites Individuales,26.25,En Stock
350102,Albahaca (Basil) 15 ml 30.50 PV Al por menor: &#x20AC;49.50 Al por mayor: &#x20AC;37.62,Especie botánica auténtica,"15ml, 5ml",Aceites Individuales,28.50,En Stock
350119,Alcanforero (Ravintsara) 5 ml 35.00 PV Al por menor: &#x20AC;56.66 Al por mayor: &#x20AC;43.06,Especie botánica auténtica,"15ml, 5ml",Aceites Individuales,30.75,En Stock
350136,Angelica 5 ml 59.50 PV Al por menor: &#x20AC;95.67 Al por mayor: &#x20AC;72.71,Especie botánica auténtica,"15ml, 5ml",Aceites Individuales,33.00,En Stock
350153,&#xC1;rbol de t&#xE9; (Tea Tree) 15 ml 30.00 PV Al por menor: &#x20AC;48.70 Al por mayor: &#x20AC;37.01,Especie botánica auténtica,"15ml, 5ml",Aceites Individuales,35.25,En Stock
350170,Bergamota (Bergamot) 15 ml 36.00 PV Al por menor: &#x20AC;58.25 Al por mayor: &#x20AC;44.27,Especie botánica auténtica,"15ml, 5ml",Aceites Individuales,37.50,En Stock
350187,Blue Cypress 5ml 34.00 PV Al por menor: &#x20AC;55.07 Al por mayor: &#x20AC;41.85,Especie botánica auténtica,"15ml, 5ml",Aceites Individuales,39.75,En Stock
350204,Canela (Cinnamon Bark) 5 ml 29.00 PV Al por menor: &#x20AC;47.11 Al por mayor: &#x20AC;35.80,Especie botánica auténtica,"15ml, 5ml",Aceites Individuales,42.00,En Stock
350221,Caraway 5 ml 12.50 PV Al por menor: &#x20AC;20.84 Al por mayor: &#x20AC;15.84,Especie botánica auténtica,"15ml, 5ml",Aceites Individuales,44.25,En Stock
350238,Cassia 15 ml 26.50 PV Al por menor: &#x20AC;43.12 Al por mayor: &#x20AC;32.78,Especie botánica auténtica,"15ml, 5ml",Aceites Individuales,46.50,En Stock
350255,Cedro (Cedarwood) 15 ml 16.00 PV Al por menor: &#x20AC;26.41 Al por mayor: &#x20AC;20.07,Especie botánica auténtica,"15ml, 5ml",Aceites Individuales,48.75,En Stock
350272,Cipr&#xE9;s (Cypress) 15 ml 24.00 PV Al por menor: &#x20AC;39.16 Al por mayor: &#x20AC;29.75,Especie botánica auténtica,"15ml, 5ml",Aceites Individuales,51.00,En Stock
350289,Citronela (Citronella) 5 ml 12.00 PV Al por menor: &#x20AC;20.05 Al por mayor: &#x20AC;15.23,Especie botánica auténtica,"15ml, 5ml",Aceites Individuales,53.25,En Stock
350306,Clavo (Clove) 15 ml 21.00 PV Al por menor: &#x20AC;34.38 Al por mayor: &#x20AC;26.12,Especie botánica auténtica,"15ml, 5ml",Aceites Individuales,55.50,En Stock
350323,Copaiba 15 ml 50.00 PV Al por menor: &#x20AC;80.55 Al por mayor: &#x20AC;61.21,Especie botánica auténtica,"15ml, 5ml",Aceites Individuales,57.75,En Stock
350340,Dalmatia Bay Laurel 5ml 29.00 PV Al por menor: &#x20AC;47.11 Al por mayor: &#x20AC;35.80,Especie botánica auténtica,"15ml, 5ml",Aceites Individuales,60.00,En Stock
350357,Davana 5 ml 48.00 PV Al por menor: &#x20AC;77.36 Al por mayor: &#x20AC;58.79,Especie botánica auténtica,"15ml, 5ml",Aceites Individuales,62.25,En Stock
350374,Dorado Azul 5 ml 45.50 PV Al por menor: &#x20AC;73.37 Al por mayor: &#x20AC;55.77,Especie botánica auténtica,"15ml, 5ml",Aceites Individuales,64.50,En Stock
350391,Elemi 15 ml 27.00 PV Al por menor: &#x20AC;43.92 Al por mayor: &#x20AC;33.38,Especie botánica auténtica,"15ml, 5ml",Aceites Individuales,66.75,En Stock
350408,Enebro (Juniper) 15 ml 42.50 PV Al por menor: &#x20AC;68.61 Al por mayor: &#x20AC;52.14,Especie botánica auténtica,"15ml, 5ml",Aceites Individuales,69.00,En Stock
350425,Eneldo (Dill) 5 ml 20.00 PV Al por menor: &#x20AC;32.78 Al por mayor: &#x20AC;24.91,Especie botánica auténtica,"15ml, 5ml",Aceites Individuales,71.25,En Stock
350442,Esclarea (Clary Sage) 15 ml 55.00 PV Al por menor: &#x20AC;88.50 Al por mayor: &#x20AC;67.26,Especie botánica auténtica,"15ml, 5ml",Aceites Individuales,73.50,En Stock
350459,Eucalipto azul (Eucalyptus Blue) 5 ml 18.50 PV Al por menor: &#x20AC;30.40 Al por mayor: &#x20AC;23.10,Especie botánica auténtica,"15ml, 5ml",Aceites Individuales,75.75,En Stock
350476,Eucalyptus Globulus 15 ml 18.50 PV Al por menor: &#x20AC;30.40 Al por mayor: &#x20AC;23.10,Especie botánica auténtica,"15ml, 5ml",Aceites Individuales,78.00,En Stock
350493,Eucalyptus Radiata 15 ml 23.50 PV Al por menor: &#x20AC;38.36 Al por mayor: &#x20AC;29.15,Especie botánica auténtica,"15ml, 5ml",Aceites Individuales,80.25,En Stock
350510,Gaulteria (Wintergreen) 15 ml 24.00 PV Al por menor: &#x20AC;39.16 Al por mayor: &#x20AC;29.75,Especie botánica auténtica,"15ml, 5ml",Aceites Individuales,82.50,En Stock
350527,Geranio (Geranium) 15 ml 50.00 PV Al por menor: &#x20AC;80.55 Al por mayor: &#x20AC;61.21,Especie botánica auténtica,"15ml, 5ml",Aceites Individuales,84.75,En Stock
350544,Geranium Bourbon 5 ml 29.00 PV Al por menor: &#x20AC;47.11 Al por mayor: &#x20AC;35.80,Especie botánica auténtica,"15ml, 5ml",Aceites Individuales,87.00,En Stock
350561,Goldenrod 5 ml 29.00 PV Al por menor: &#x20AC;47.11 Al por mayor: &#x20AC;35.80,Especie botánica auténtica,"15ml, 5ml",Aceites Individuales,89.25,En Stock
350578,Helicriso (Helichrysum) 5 ml 95.00 PV Al por menor: &#x20AC;152.19 Al por mayor: &#x20AC;115.66,Especie botánica auténtica,"15ml, 5ml",Aceites Individuales,91.50,En Stock
350595,Hierbabuena (Spearmint) 5 ml 14.50 PV Al por menor: &#x20AC;24.03 Al por mayor: &#x20AC;18.26,Especie botánica auténtica,"15ml, 5ml",Aceites Individuales,15.00,En Stock
350612,Hinojo (Fennel) 15 ml 22.00 PV Al por menor: &#x20AC;35.96 Al por mayor: &#x20AC;27.33,Especie botánica auténtica,"15ml, 5ml",Aceites Individuales,17.25,En Stock
350629,Hong Kuai 5ml 67.00 PV Al por menor: &#x20AC;107.61 Al por mayor: &#x20AC;81.78,Especie botánica auténtica,"15ml, 5ml",Aceites Individuales,19.50,En Stock
350646,Incienso (Frankincense) 15 ml 90.00 PV Al por menor: &#x20AC;144.23 Al por mayor: &#x20AC;109.61,Especie botánica auténtica,"15ml, 5ml",Aceites Individuales,21.75,En Stock
350663,Incienso sagrado (Sacred Frankincense) 5 ml 52.00 PV Al por menor: &#x20AC;83.73 Al por mayor: &#x20AC;63.63,Especie botánica auténtica,"15ml, 5ml",Aceites Individuales,24.00,En Stock
350680,Jara (Cistus) 5 ml 76.00 PV Al por menor: &#x20AC;121.94 Al por mayor: &#x20AC;92.67,Especie botánica auténtica,"15ml, 5ml",Aceites Individuales,26.25,En Stock
350697,Jazm&#xED;n (Jasmine) 5 ml 100.00 PV Al por menor: &#x20AC;160.16 Al por mayor: &#x20AC;121.71,Especie botánica auténtica,"15ml, 5ml",Aceites Individuales,28.50,En Stock
350714,Jengibre (Ginger) 5 ml 18.00 PV Al por menor: &#x20AC;29.60 Al por mayor: &#x20AC;22.49,Especie botánica auténtica,"15ml, 5ml",Aceites Individuales,30.75,En Stock
350731,Kunzea 5 ml 46.50 PV Al por menor: &#x20AC;74.97 Al por mayor: &#x20AC;56.98,Especie botánica auténtica,"15ml, 5ml",Aceites Individuales,33.00,En Stock
350748,Lavanda (Lavender) 15 ml 31.00 PV Al por menor: &#x20AC;50.30 Al por mayor: &#x20AC;38.22,Especie botánica auténtica,"15ml, 5ml",Aceites Individuales,35.25,En Stock
350765,Lavanda silvestre (Wild Lavender) 5 ml 37.50 PV Al por menor: &#x20AC;60.65 Al por mayor: &#x20AC;46.09,Especie botánica auténtica,"15ml, 5ml",Aceites Individuales,37.50,En Stock
350782,Ledum 5 ml 80.00 PV Al por menor: &#x20AC;128.31 Al por mayor: &#x20AC;97.51,Especie botánica auténtica,"15ml, 5ml",Aceites Individuales,39.75,En Stock
350799,Lima (Lime) 15 ml 16.50 PV Al por menor: &#x20AC;27.21 Al por mayor: &#x20AC;20.68,Especie botánica auténtica,"15ml, 5ml",Aceites Individuales,42.00,En Stock
350816,Lim&#xF3;n (Lemon) 15 ml 15.00 PV Al por menor: &#x20AC;24.82 Al por mayor: &#x20AC;18.86,Especie botánica auténtica,"15ml, 5ml",Aceites Individuales,44.25,En Stock
350833,Lim&#xF3;n de jade (Jade Lemon) 5 ml 14.00 PV Al por menor: &#x20AC;23.23 Al por mayor: &#x20AC;17.65,Especie botánica auténtica,"15ml, 5ml",Aceites Individuales,46.50,En Stock
350850,Mandarina (Tangerine) 15 ml 21.00 PV Al por menor: &#x20AC;34.38 Al por mayor: &#x20AC;26.12,Especie botánica auténtica,"15ml, 5ml",Aceites Individuales,48.75,En Stock
350867,Manzanilla (Roman Chamomile) 5 ml 48.00 PV Al por menor: &#x20AC;77.36 Al por mayor: &#x20AC;58.79,Especie botánica auténtica,"15ml, 5ml",Aceites Individuales,51.00,En Stock
350884,Mastrante 5 ml 30.00 PV Al por menor: &#x20AC;48.70 Al por mayor: &#x20AC;37.01,Especie botánica auténtica,"15ml, 5ml",Aceites Individuales,53.25,En Stock
350901,Matricaria (German Chamomile) 5ml 48.00 PV Al por menor: &#x20AC;77.36 Al por mayor: &#x20AC;58.79,Especie botánica auténtica,"15ml, 5ml",Aceites Individuales,55.50,En Stock
350918,Mejorana (Marjoram) 15 ml 39.50 PV Al por menor: &#x20AC;63.83 Al por mayor: &#x20AC;48.51,Especie botánica auténtica,"15ml, 5ml",Aceites Individuales,57.75,En Stock
350935,Melisa (Melissa) 5 ml 100.00 PV Al por menor: &#x20AC;261.25 Al por mayor: &#x20AC;198.55,Especie botánica auténtica,"15ml, 5ml",Aceites Individuales,60.00,En Stock
350952,Menta (Peppermint) 15 ml 27.00 PV Al por menor: &#x20AC;43.92 Al por mayor: &#x20AC;33.38,Especie botánica auténtica,"15ml, 5ml",Aceites Individuales,62.25,En Stock
350969,Mirra (Myrrh) 15 ml 79.50 PV Al por menor: &#x20AC;127.51 Al por mayor: &#x20AC;96.91,Especie botánica auténtica,"15ml, 5ml",Aceites Individuales,64.50,En Stock
350986,Mirto (Myrtle) 5 ml 18.50 PV Al por menor: &#x20AC;30.40 Al por mayor: &#x20AC;23.10,Especie botánica auténtica,"15ml, 5ml",Aceites Individuales,66.75,En Stock
351003,Mirto lim&#xF3;n (Lemon Myrtle) 5 ml 28.00 PV Al por menor: &#x20AC;45.52 Al por mayor: &#x20AC;34.59,Especie botánica auténtica,"15ml, 5ml",Aceites Individuales,69.00,En Stock
351020,Naranja (Orange) 15 ml 15.00 PV Al por menor: &#x20AC;24.82 Al por mayor: &#x20AC;18.86,Especie botánica auténtica,"15ml, 5ml",Aceites Individuales,71.25,En Stock
351037,Neroli 5 ml 115.00 PV Al por menor: &#x20AC;184.03 Al por mayor: &#x20AC;139.86,Especie botánica auténtica,"15ml, 5ml",Aceites Individuales,73.50,En Stock
351054,Nuez moscada (Nutmeg) 5 ml 17.00 PV Al por menor: &#x20AC;28.00 Al por mayor: &#x20AC;21.28,Especie botánica auténtica,"15ml, 5ml",Aceites Individuales,75.75,En Stock
351071,Ocotea 5 ml 46.00 PV Al por menor: &#x20AC;74.17 Al por mayor: &#x20AC;56.37,Especie botánica auténtica,"15ml, 5ml",Aceites Individuales,78.00,En Stock
351088,Or&#xE9;gano (Oregano) 15 ml 34.00 PV Al por menor: &#x20AC;55.07 Al por mayor: &#x20AC;41.85,Especie botánica auténtica,"15ml, 5ml",Aceites Individuales,80.25,En Stock
351105,Pachul&#xED; (Patchouli) 15 ml 40.00 PV Al por menor: &#x20AC;64.63 Al por mayor: &#x20AC;49.11,Especie botánica auténtica,"15ml, 5ml",Aceites Individuales,82.50,En Stock
351122,Palmarosa 15ml 24.00 PV Al por menor: &#x20AC;39.16 Al por mayor: &#x20AC;29.75,Especie botánica auténtica,"15ml, 5ml",Aceites Individuales,84.75,En Stock
351139,Palo Santo 5 ml 43.50 PV Al por menor: &#x20AC;70.19 Al por mayor: &#x20AC;53.35,Especie botánica auténtica,"15ml, 5ml",Aceites Individuales,87.00,En Stock
351156,Pasto de lim&#xF3;n (Lemongrass) 15 ml 16.50 PV Al por menor: &#x20AC;27.21 Al por mayor: &#x20AC;20.68,Especie botánica auténtica,"15ml, 5ml",Aceites Individuales,89.25,En Stock
351173,P&#xED;cea azul de Idaho (Idaho Blue Spruce) 5 ml 36.50 PV Al por menor: &#x20AC;59.05 Al por mayor: &#x20AC;44.88,Especie botánica auténtica,"15ml, 5ml",Aceites Individuales,91.50,En Stock
351190,P&#xED;cea negra Northern Lights (Northern Lights Black Spruce) 5 ml 29.00 PV Al por menor: &#x20AC;47.11 Al por mayor: &#x20AC;35.80,Especie botánica auténtica,"15ml, 5ml",Aceites Individuales,15.00,En Stock
351207,Pimienta negra (Black Pepper) 5 ml 26.00 PV Al por menor: &#x20AC;42.34 Al por mayor: &#x20AC;32.17,Especie botánica auténtica,"15ml, 5ml",Aceites Individuales,17.25,En Stock
351224,Pino (Pine) 15 ml 19.50 PV Al por menor: &#x20AC;31.98 Al por mayor: &#x20AC;24.31,Especie botánica auténtica,"15ml, 5ml",Aceites Individuales,19.50,En Stock
351241,Pomelo (Grapefruit) 15 ml 21.50 PV Al por menor: &#x20AC;35.17 Al por mayor: &#x20AC;26.73,Especie botánica auténtica,"15ml, 5ml",Aceites Individuales,21.75,En Stock
351258,Romero (Rosemary) 15 ml 21.00 PV Al por menor: &#x20AC;34.38 Al por mayor: &#x20AC;26.12,Especie botánica auténtica,"15ml, 5ml",Aceites Individuales,24.00,En Stock
351275,Rosa (Rose) 5 ml 120.00 PV Al por menor: &#x20AC;340.06 Al por mayor: &#x20AC;258.44,Especie botánica auténtica,"15ml, 5ml",Aceites Individuales,26.25,En Stock
351292,Sage Wellness Essential Oil (EU) 15 ml 34.00 PV Al por menor: &#x20AC;55.07 Al por mayor: &#x20AC;41.85,Especie botánica auténtica,"15ml, 5ml",Aceites Individuales,28.50,En Stock
351309,S&#xE1;ndalo Real Hawaiano (Royal Hawaiian Sandalwood) 5 ml 115.00 PV Al por menor: &#x20AC;184.03 Al por mayor: &#x20AC;139.86,Especie botánica auténtica,"15ml, 5ml",Aceites Individuales,30.75,En Stock
351326,Semilla de zahahoria (Carrot Seed) 5 ml 28.00 PV Al por menor: &#x20AC;45.52 Al por mayor: &#x20AC;34.59,Especie botánica auténtica,"15ml, 5ml",Aceites Individuales,33.00,En Stock
351343,Tanaceto azul (Blue Tansy) 5 ml 107.00 PV Al por menor: &#x20AC;171.30 Al por mayor: &#x20AC;130.18,Especie botánica auténtica,"15ml, 5ml",Aceites Individuales,35.25,En Stock
351360,Tomillo (Thyme) 15 ml 41.00 PV Al por menor: &#x20AC;66.21 Al por mayor: &#x20AC;50.32,Especie botánica auténtica,"15ml, 5ml",Aceites Individuales,37.50,En Stock
351377,Vainilla (Vanilla) 5 ml 39.50 PV Al por menor: &#x20AC;63.83 Al por mayor: &#x20AC;48.51,Especie botánica auténtica,"15ml, 5ml",Aceites Individuales,39.75,En Stock
351394,Valeriana (Valerian) 5 ml 52.00 PV Al por menor: &#x20AC;83.73 Al por mayor: &#x20AC;63.63,Especie botánica auténtica,"15ml, 5ml",Aceites Individuales,42.00,En Stock
351411,Vetiver 5 ml 26.00 PV Al por menor: &#x20AC;42.34 Al por mayor: &#x20AC;32.17,Especie botánica auténtica,"15ml, 5ml",Aceites Individuales,44.25,En Stock
351428,Xiang Mao 5 ml 34.50 PV Al por menor: &#x20AC;55.87 Al por mayor: &#x20AC;42.46,Especie botánica auténtica,"15ml, 5ml",Aceites Individuales,46.50,En Stock
351445,Ylang Ylang 15 ml 51.00 PV Al por menor: &#x20AC;82.13 Al por mayor: &#x20AC;62.42,Especie botánica auténtica,"15ml, 5ml",Aceites Individuales,48.75,En Stock
351462,3 Wise Men 15 ml 105.00 PV Al por menor: &#x20AC;168.11 Al por mayor: &#x20AC;127.76,Fórmula propietaria Young Living,"15ml, 5ml",Mezclas de Aceites,17.25,En Stock
351479,Abundance 15 ml 46.00 PV Al por menor: &#x20AC;74.17 Al por mayor: &#x20AC;56.37,Fórmula propietaria Young Living,"15ml, 5ml",Mezclas de Aceites,19.50,En Stock
351496,Acceptance 5 ml 49.00 PV Al por menor: &#x20AC;78.95 Al por mayor: &#x20AC;60.00,Fórmula propietaria Young Living,"15ml, 5ml",Mezclas de Aceites,21.75,En Stock
351513,Aroma Life 15 ml 59.00 PV Al por menor: &#x20AC;94.88 Al por mayor: &#x20AC;72.10,Fórmula propietaria Young Living,"15ml, 5ml",Mezclas de Aceites,24.00,En Stock
351530,Aroma Siez 15 ml 38.50 PV Al por menor: &#x20AC;62.23 Al por mayor: &#x20AC;47.30,Fórmula propietaria Young Living,"15ml, 5ml",Mezclas de Aceites,26.25,En Stock
351547,AromaEase 5 ml 42.00 PV Al por menor: &#x20AC;67.81 Al por mayor: &#x20AC;51.53,Fórmula propietaria Young Living,"15ml, 5ml",Mezclas de Aceites,28.50,En Stock
351564,Australian Blue 5ml 26.50 PV Al por menor: &#x20AC;43.12 Al por mayor: &#x20AC;32.78,Fórmula propietaria Young Living,"15ml, 5ml",Mezclas de Aceites,30.75,En Stock
351581,Australian Kuranya 5 ml 52.00 PV Al por menor: &#x20AC;83.73 Al por mayor: &#x20AC;63.63,Fórmula propietaria Young Living,"15ml, 5ml",Mezclas de Aceites,33.00,En Stock
351598,Awaken 15 ml 62.50 PV Al por menor: &#x20AC;100.44 Al por mayor: &#x20AC;76.34,Fórmula propietaria Young Living,"15ml, 5ml",Mezclas de Aceites,35.25,En Stock
351615,Believe 15 ml 48.00 PV Al por menor: &#x20AC;77.36 Al por mayor: &#x20AC;58.79,Fórmula propietaria Young Living,"15ml, 5ml",Mezclas de Aceites,37.50,En Stock
351632,Black Seed Oil 23.50 PV Al por menor: &#x20AC;34.87 Al por mayor: &#x20AC;26.50,Fórmula propietaria Young Living,"15ml, 5ml",Mezclas de Aceites,39.75,En Stock
351649,Blue Relief 5ml 32.00 PV Al por menor: &#x20AC;51.88 Al por mayor: &#x20AC;39.43,Fórmula propietaria Young Living,"15ml, 5ml",Mezclas de Aceites,42.00,En Stock
351666,Brain Power 5 ml 83.00 PV Al por menor: &#x20AC;133.09 Al por mayor: &#x20AC;101.14,Fórmula propietaria Young Living,"15ml, 5ml",Mezclas de Aceites,44.25,En Stock
351683,Christmas Spirit 15 ml 27.00 PV Al por menor: &#x20AC;43.92 Al por mayor: &#x20AC;33.38,Fórmula propietaria Young Living,"15ml, 5ml",Mezclas de Aceites,46.50,En Stock
351700,Clarity 15 ml 50.00 PV Al por menor: &#x20AC;80.55 Al por mayor: &#x20AC;61.21,Fórmula propietaria Young Living,"15ml, 5ml",Mezclas de Aceites,48.75,En Stock
351717,Common Sense 5 ml 41.50 PV Al por menor: &#x20AC;67.01 Al por mayor: &#x20AC;50.93,Fórmula propietaria Young Living,"15ml, 5ml",Mezclas de Aceites,51.00,En Stock
351734,Di-Gize&#xAE; 15 ml 41.00 PV Al por menor: &#x20AC;66.21 Al por mayor: &#x20AC;50.32,Fórmula propietaria Young Living,"15ml, 5ml",Mezclas de Aceites,53.25,En Stock
351751,Dragon Time 15 ml 59.50 PV Al por menor: &#x20AC;95.67 Al por mayor: &#x20AC;72.71,Fórmula propietaria Young Living,"15ml, 5ml",Mezclas de Aceites,55.50,En Stock
351768,Dream Catcher 15 ml 91.50 PV Al por menor: &#x20AC;146.62 Al por mayor: &#x20AC;111.43,Fórmula propietaria Young Living,"15ml, 5ml",Mezclas de Aceites,57.75,En Stock
351785,Egyptian Gold 5 ml 53.50 PV Al por menor: &#x20AC;86.12 Al por mayor: &#x20AC;65.45,Fórmula propietaria Young Living,"15ml, 5ml",Mezclas de Aceites,60.00,En Stock
351802,En-R-Gee 15 ml 32.00 PV Al por menor: &#x20AC;51.88 Al por mayor: &#x20AC;39.43,Fórmula propietaria Young Living,"15ml, 5ml",Mezclas de Aceites,62.25,En Stock
351819,Endoflex 15 ml 34.50 PV Al por menor: &#x20AC;55.87 Al por mayor: &#x20AC;42.46,Fórmula propietaria Young Living,"15ml, 5ml",Mezclas de Aceites,64.50,En Stock
351836,Forgiveness 5 ml 64.00 PV Al por menor: &#x20AC;102.84 Al por mayor: &#x20AC;78.15,Fórmula propietaria Young Living,"15ml, 5ml",Mezclas de Aceites,66.75,En Stock
351853,Gary&#x27;s Light 5 ml 48.00 PV Al por menor: &#x20AC;77.36 Al por mayor: &#x20AC;58.79,Fórmula propietaria Young Living,"15ml, 5ml",Mezclas de Aceites,69.00,En Stock
351870,Gathering 5 ml 37.50 PV Al por menor: &#x20AC;60.65 Al por mayor: &#x20AC;46.09,Fórmula propietaria Young Living,"15ml, 5ml",Mezclas de Aceites,71.25,En Stock
351887,Gentle Baby 15 ml 58.00 PV Al por menor: &#x20AC;93.28 Al por mayor: &#x20AC;70.89,Fórmula propietaria Young Living,"15ml, 5ml",Mezclas de Aceites,73.50,En Stock
351904,GLF 15 ml 150.00 PV Al por menor: &#x20AC;239.75 Al por mayor: &#x20AC;182.21,Fórmula propietaria Young Living,"15ml, 5ml",Mezclas de Aceites,75.75,En Stock
351921,Gratitude 5 ml 33.00 PV Al por menor: &#x20AC;53.48 Al por mayor: &#x20AC;40.64,Fórmula propietaria Young Living,"15ml, 5ml",Mezclas de Aceites,78.00,En Stock
351938,Grounding 5 ml 23.00 PV Al por menor: &#x20AC;37.56 Al por mayor: &#x20AC;28.54,Fórmula propietaria Young Living,"15ml, 5ml",Mezclas de Aceites,80.25,En Stock
351955,Harmony 15 ml 88.50 PV Al por menor: &#x20AC;141.84 Al por mayor: &#x20AC;107.80,Fórmula propietaria Young Living,"15ml, 5ml",Mezclas de Aceites,82.50,En Stock
351972,Higher Unity 5 ml 142.50 PV Al por menor: &#x20AC;227.82 Al por mayor: &#x20AC;173.14,Fórmula propietaria Young Living,"15ml, 5ml",Mezclas de Aceites,84.75,En Stock
351989,Highest Potential 5 ml 46.00 PV Al por menor: &#x20AC;74.17 Al por mayor: &#x20AC;56.37,Fórmula propietaria Young Living,"15ml, 5ml",Mezclas de Aceites,87.00,En Stock
352006,Humility 5 ml 33.00 PV Al por menor: &#x20AC;53.48 Al por mayor: &#x20AC;40.64,Fórmula propietaria Young Living,"15ml, 5ml",Mezclas de Aceites,89.25,En Stock
352023,ImmuPower 15 ml 76.00 PV Al por menor: &#x20AC;121.94 Al por mayor: &#x20AC;92.67,Fórmula propietaria Young Living,"15ml, 5ml",Mezclas de Aceites,91.50,En Stock
352040,Inner Child 5ml 38.00 PV Al por menor: &#x20AC;61.44 Al por mayor: &#x20AC;46.69,Fórmula propietaria Young Living,"15ml, 5ml",Mezclas de Aceites,15.00,En Stock
352057,Inspiration 5 ml 32.00 PV Al por menor: &#x20AC;51.88 Al por mayor: &#x20AC;39.43,Fórmula propietaria Young Living,"15ml, 5ml",Mezclas de Aceites,17.25,En Stock
352074,Joy 15 ml 52.00 PV Al por menor: &#x20AC;83.73 Al por mayor: &#x20AC;63.63,Fórmula propietaria Young Living,"15ml, 5ml",Mezclas de Aceites,19.50,En Stock
352091,Juva Cleanse 15 ml 125.00 PV Al por menor: &#x20AC;199.95 Al por mayor: &#x20AC;151.96,Fórmula propietaria Young Living,"15ml, 5ml",Mezclas de Aceites,21.75,En Stock
352108,JuvaFlex 15 ml 82.00 PV Al por menor: &#x20AC;131.49 Al por mayor: &#x20AC;99.93,Fórmula propietaria Young Living,"15ml, 5ml",Mezclas de Aceites,24.00,En Stock
352125,KidScents TummyGize 16.50 PV Al por menor: &#x20AC;27.21 Al por mayor: &#x20AC;20.68,Fórmula propietaria Young Living,"15ml, 5ml",Mezclas de Aceites,26.25,En Stock
352142,KidScents&#xAE; DreamEase 21.00 PV Al por menor: &#x20AC;34.38 Al por mayor: &#x20AC;26.12,Fórmula propietaria Young Living,"15ml, 5ml",Mezclas de Aceites,28.50,En Stock
352159,KidScents&#xAE; GeneYus 5 ml 53.00 PV Al por menor: &#x20AC;85.32 Al por mayor: &#x20AC;64.84,Fórmula propietaria Young Living,"15ml, 5ml",Mezclas de Aceites,30.75,En Stock
352176,KidScents&#xAE; KidCare 37.00 PV Al por menor: &#x20AC;59.85 Al por mayor: &#x20AC;45.48,Fórmula propietaria Young Living,"15ml, 5ml",Mezclas de Aceites,33.00,En Stock
352193,KidScents&#xAE; Refresh 5 ml 22.00 PV Al por menor: &#x20AC;35.96 Al por mayor: &#x20AC;27.33,Fórmula propietaria Young Living,"15ml, 5ml",Mezclas de Aceites,35.25,En Stock
352210,Lady Sclareol 15 ml 68.50 PV Al por menor: &#x20AC;110.00 Al por mayor: &#x20AC;83.60,Fórmula propietaria Young Living,"15ml, 5ml",Mezclas de Aceites,37.50,En Stock
352227,Light of Hope 5 ml 69.50 PV Al por menor: &#x20AC;111.59 Al por mayor: &#x20AC;84.81,Fórmula propietaria Young Living,"15ml, 5ml",Mezclas de Aceites,39.75,En Stock
352244,Light The Fire 5 ml 54.00 PV Al por menor: &#x20AC;86.91 Al por mayor: &#x20AC;66.05,Fórmula propietaria Young Living,"15ml, 5ml",Mezclas de Aceites,42.00,En Stock
352261,Live Your Passion 5 ml 69.00 PV Al por menor: &#x20AC;110.80 Al por mayor: &#x20AC;84.20,Fórmula propietaria Young Living,"15ml, 5ml",Mezclas de Aceites,44.25,En Stock
352278,Longevity 15 ml 43.50 PV Al por menor: &#x20AC;70.19 Al por mayor: &#x20AC;53.35,Fórmula propietaria Young Living,"15ml, 5ml",Mezclas de Aceites,46.50,En Stock
352295,Lushious Lemon 15 ml 47.00 PV Al por menor: &#x20AC;75.77 Al por mayor: &#x20AC;57.58,Fórmula propietaria Young Living,"15ml, 5ml",Mezclas de Aceites,48.75,En Stock
352312,M-Grain 15 ml 54.00 PV Al por menor: &#x20AC;86.91 Al por mayor: &#x20AC;66.05,Fórmula propietaria Young Living,"15ml, 5ml",Mezclas de Aceites,51.00,En Stock
352329,Magnify Your Purpose 5 ml 46.50 PV Al por menor: &#x20AC;74.97 Al por mayor: &#x20AC;56.98,Fórmula propietaria Young Living,"15ml, 5ml",Mezclas de Aceites,53.25,En Stock
352346,Melrose 15 ml 24.50 PV Al por menor: &#x20AC;39.94 Al por mayor: &#x20AC;30.36,Fórmula propietaria Young Living,"15ml, 5ml",Mezclas de Aceites,55.50,En Stock
352363,Mister 15 ml 47.00 PV Al por menor: &#x20AC;75.77 Al por mayor: &#x20AC;57.58,Fórmula propietaria Young Living,"15ml, 5ml",Mezclas de Aceites,57.75,En Stock
352380,Motivation 5 ml 61.00 PV Al por menor: &#x20AC;98.06 Al por mayor: &#x20AC;74.52,Fórmula propietaria Young Living,"15ml, 5ml",Mezclas de Aceites,60.00,En Stock
352397,One Heart 5 ml 29.00 PV Al por menor: &#x20AC;86.91 Al por mayor: &#x20AC;66.05,Fórmula propietaria Young Living,"15ml, 5ml",Mezclas de Aceites,62.25,En Stock
352414,One Purpose 5 ml 29.00 PV Al por menor: &#x20AC;86.91 Al por mayor: &#x20AC;66.05,Fórmula propietaria Young Living,"15ml, 5ml",Mezclas de Aceites,64.50,En Stock
352431,One Voice 5 ml 29.00 PV Al por menor: &#x20AC;86.91 Al por mayor: &#x20AC;66.05,Fórmula propietaria Young Living,"15ml, 5ml",Mezclas de Aceites,66.75,En Stock
352448,Original Valor&#xAE; 5 ml 48.00 PV Al por menor: &#x20AC;77.36 Al por mayor: &#x20AC;58.79,Fórmula propietaria Young Living,"15ml, 5ml",Mezclas de Aceites,69.00,En Stock
352465,Peace &amp; Calming 5 ml 41.50 PV Al por menor: &#x20AC;67.01 Al por mayor: &#x20AC;50.93,Fórmula propietaria Young Living,"15ml, 5ml",Mezclas de Aceites,71.25,En Stock
352482,Peace &amp; Calming II 5 ml 26.00 PV Al por menor: &#x20AC;42.34 Al por mayor: &#x20AC;32.17,Fórmula propietaria Young Living,"15ml, 5ml",Mezclas de Aceites,73.50,En Stock
352499,Present Time 5 ml 101.00 PV Al por menor: &#x20AC;161.74 Al por mayor: &#x20AC;122.92,Fórmula propietaria Young Living,"15ml, 5ml",Mezclas de Aceites,75.75,En Stock
352516,Progessence Phyto Plus 15 ml 46.00 PV Al por menor: &#x20AC;74.17 Al por mayor: &#x20AC;56.37,Fórmula propietaria Young Living,"15ml, 5ml",Mezclas de Aceites,78.00,En Stock
352533,Release 15 ml 48.00 PV Al por menor: &#x20AC;77.36 Al por mayor: &#x20AC;58.79,Fórmula propietaria Young Living,"15ml, 5ml",Mezclas de Aceites,80.25,En Stock
352550,Relieve It 15 ml 56.00 PV Al por menor: &#x20AC;90.10 Al por mayor: &#x20AC;68.47,Fórmula propietaria Young Living,"15ml, 5ml",Mezclas de Aceites,82.50,En Stock
352567,RutaVaLa 5 ml 41.00 PV Al por menor: &#x20AC;66.21 Al por mayor: &#x20AC;50.32,Fórmula propietaria Young Living,"15ml, 5ml",Mezclas de Aceites,84.75,En Stock
352584,Sacred Mountain 15 ml 44.50 PV Al por menor: &#x20AC;71.79 Al por mayor: &#x20AC;54.56,Fórmula propietaria Young Living,"15ml, 5ml",Mezclas de Aceites,87.00,En Stock
352601,SARA 5 ml 31.00 PV Al por menor: &#x20AC;50.30 Al por mayor: &#x20AC;38.22,Fórmula propietaria Young Living,"15ml, 5ml",Mezclas de Aceites,89.25,En Stock
352618,SclarEssence 15 ml 38.00 PV Al por menor: &#x20AC;61.44 Al por mayor: &#x20AC;46.69,Fórmula propietaria Young Living,"15ml, 5ml",Mezclas de Aceites,91.50,En Stock
352635,Seedlings Calm 5 ml 17.00 PV Al por menor: &#x20AC;28.00 Al por mayor: &#x20AC;21.28,Fórmula propietaria Young Living,"15ml, 5ml",Mezclas de Aceites,15.00,En Stock
352652,Sensation 5 ml 42.00 PV Al por menor: &#x20AC;67.81 Al por mayor: &#x20AC;51.53,Fórmula propietaria Young Living,"15ml, 5ml",Mezclas de Aceites,17.25,En Stock
352669,Shutran 15 ml 89.50 PV Al por menor: &#x20AC;143.43 Al por mayor: &#x20AC;109.01,Fórmula propietaria Young Living,"15ml, 5ml",Mezclas de Aceites,19.50,En Stock
352686,Simplified Winter &#x2013; Pink Champagne 36.50 PV Al por menor: &#x20AC;59.05 Al por mayor: &#x20AC;44.88,Fórmula propietaria Young Living,"15ml, 5ml",Mezclas de Aceites,21.75,En Stock
352703,Slique Essence 15 ml 32.00 PV Al por menor: &#x20AC;51.88 Al por mayor: &#x20AC;39.43,Fórmula propietaria Young Living,"15ml, 5ml",Mezclas de Aceites,24.00,En Stock
352720,Surrender 5 ml 33.50 PV Al por menor: &#x20AC;54.28 Al por mayor: &#x20AC;41.25,Fórmula propietaria Young Living,"15ml, 5ml",Mezclas de Aceites,26.25,En Stock
352737,The Gift 5 ml 56.00 PV Al por menor: &#x20AC;90.10 Al por mayor: &#x20AC;68.47,Fórmula propietaria Young Living,"15ml, 5ml",Mezclas de Aceites,28.50,En Stock
352754,Thieves Wellness Essential Oil (EU) 15 ml 41.50 PV Al por menor: &#x20AC;67.01 Al por mayor: &#x20AC;50.93,Fórmula propietaria Young Living,"15ml, 5ml",Mezclas de Aceites,30.75,En Stock
352771,Transformation 15 ml 83.00 PV Al por menor: &#x20AC;133.09 Al por mayor: &#x20AC;101.14,Fórmula propietaria Young Living,"15ml, 5ml",Mezclas de Aceites,33.00,En Stock
352788,Trauma Life 5 ml 61.00 PV Al por menor: &#x20AC;98.06 Al por mayor: &#x20AC;74.52,Fórmula propietaria Young Living,"15ml, 5ml",Mezclas de Aceites,35.25,En Stock
352805,White Angelica 5 ml 36.00 PV Al por menor: &#x20AC;58.25 Al por mayor: &#x20AC;44.27,Fórmula propietaria Young Living,"15ml, 5ml",Mezclas de Aceites,37.50,En Stock
352822,White Forest 5ml 25.50 PV Al por menor: &#x20AC;41.54 Al por mayor: &#x20AC;31.57,Fórmula propietaria Young Living,"15ml, 5ml",Mezclas de Aceites,39.75,En Stock
352839,Young Living Citrus Fresh 15 ml 20.00 PV Al por menor: &#x20AC;32.78 Al por mayor: &#x20AC;24.91,Fórmula propietaria Young Living,"15ml, 5ml",Mezclas de Aceites,42.00,En Stock
352856,Young Living Purification&#xAE; 15 ml 32.00 PV Al por menor: &#x20AC;51.88 Al por mayor: &#x20AC;39.43,Fórmula propietaria Young Living,"15ml, 5ml",Mezclas de Aceites,44.25,En Stock
352873,Young Living R.C.&#xAE; 15 ml 28.00 PV Al por menor: &#x20AC;45.52 Al por mayor: &#x20AC;34.59,Fórmula propietaria Young Living,"15ml, 5ml",Mezclas de Aceites,46.50,En Stock
352890,Young Living Stress Away&#xAE; 15 ml 38.00 PV Al por menor: &#x20AC;61.44 Al por mayor: &#x20AC;46.69,Fórmula propietaria Young Living,"15ml, 5ml",Mezclas de Aceites,48.75,En Stock
352907,Breathe Again Roll-On 10 ml 33.00 PV Al por menor: &#x20AC;53.48 Al por mayor: &#x20AC;40.64,Fórmula propietaria Young Living,Unidad estándar,Roll-Ons,17.25,En Stock
352924,Peace &amp; Calming Roll-On 10 ml 52.00 PV Al por menor: &#x20AC;83.73 Al por mayor: &#x20AC;63.63,Fórmula propietaria Young Living,Unidad estándar,Roll-Ons,19.50,En Stock
352941,Thieves Roll on 10 ml 35.50 PV Al por menor: &#x20AC;57.46 Al por mayor: &#x20AC;43.67,Fórmula propietaria Young Living,Unidad estándar,Roll-Ons,21.75,En Stock
352958,Tranquil Roll-On 10 ml 35.50 PV Al por menor: &#x20AC;57.46 Al por mayor: &#x20AC;43.67,Fórmula propietaria Young Living,Unidad estándar,Roll-Ons,24.00,En Stock
352975,Valor Roll-On 10 ml 58.00 PV Al por menor: &#x20AC;93.28 Al por mayor: &#x20AC;70.89,Fórmula propietaria Young Living,Unidad estándar,Roll-Ons,26.25,En Stock
352992,Young Living Stress Away&#xAE; Roll-On 10 ml 35.50 PV Al por menor: &#x20AC;57.46 Al por mayor: &#x20AC;43.67,Fórmula propietaria Young Living,Unidad estándar,Roll-Ons,28.50,En Stock
353009,Divine Destiny Collection 168.50 PV Al por menor: &#x20AC;269.21 Al por mayor: &#x20AC;204.60,Fórmula propietaria Young Living,Unidad estándar,Colecciones,17.25,En Stock
353026,Feelings 216.50 PV Al por menor: &#x20AC;345.62 Al por mayor: &#x20AC;262.68,Fórmula propietaria Young Living,Unidad estándar,Colecciones,19.50,En Stock
353043,Kit Esenciales con AromaGlobe 125.00 PV Al por menor: &#x20AC;199.95 Al por mayor: &#x20AC;151.96,Fórmula propietaria Young Living,Unidad estándar,Colecciones,21.75,En Stock
353060,Oils of Ancient Scripture 243.50 PV Al por menor: &#x20AC;388.62 Al por mayor: &#x20AC;295.35,Fórmula propietaria Young Living,Unidad estándar,Colecciones,24.00,En Stock
353077,Raindrop Technique 170.00 PV Al por menor: &#x20AC;271.60 Al por mayor: &#x20AC;206.41,Fórmula propietaria Young Living,Unidad estándar,Colecciones,26.25,En Stock
353094,Set de aceites YL 30 343.00 PV Al por menor: &#x20AC;547.03 Al por mayor: &#x20AC;415.74,Fórmula propietaria Young Living,Unidad estándar,Colecciones,28.50,En Stock
353111,Set de aceites YL 30: Edici&#xF3;n &quot;Balance &amp; Bloom&quot; 415.00 PV Al por menor: &#x20AC;660.72 Al por mayor: &#x20AC;502.15,Fórmula propietaria Young Living,Unidad estándar,Colecciones,30.75,En Stock
353128,Set de aceites YL 30: Edici&#xF3;n confort y alegr&#xED;a 430.00 PV Al por menor: &#x20AC;684.61 Al por mayor: &#x20AC;520.30,Fórmula propietaria Young Living,Unidad estándar,Colecciones,33.00,En Stock
353145,Basil&#x2B; 5 ml 15.00 PV Al por menor: &#x20AC;22.56 Al por mayor: &#x20AC;17.15,Fórmula propietaria Young Living,"15ml, 5ml",Gama Aceites Plus,17.25,En Stock
353162,Black Pepper&#x2B; 5 ml 26.00 PV Al por menor: &#x20AC;38.49 Al por mayor: &#x20AC;29.25,Fórmula propietaria Young Living,"15ml, 5ml",Gama Aceites Plus,19.50,En Stock
353179,Cardamom&#x2B; 5 ml 32.50 PV Al por menor: &#x20AC;47.89 Al por mayor: &#x20AC;36.40,Fórmula propietaria Young Living,"15ml, 5ml",Gama Aceites Plus,21.75,En Stock
353196,Cinnamon Bark&#x2B; 5 ml 29.00 PV Al por menor: &#x20AC;42.82 Al por mayor: &#x20AC;32.55,Fórmula propietaria Young Living,"15ml, 5ml",Gama Aceites Plus,24.00,En Stock
353213,Clove&#x2B; (UK) 10.50 PV Al por menor: &#x20AC;16.05 Al por mayor: &#x20AC;12.20,Fórmula propietaria Young Living,"15ml, 5ml",Gama Aceites Plus,26.25,En Stock
353230,Coriander&#x2B; 5 ml 36.50 PV Al por menor: &#x20AC;59.05 Al por mayor: &#x20AC;44.88,Fórmula propietaria Young Living,"15ml, 5ml",Gama Aceites Plus,28.50,En Stock
353247,Cumin&#x2B; 5 ml 16.00 PV Al por menor: &#x20AC;24.01 Al por mayor: &#x20AC;18.25,Fórmula propietaria Young Living,"15ml, 5ml",Gama Aceites Plus,30.75,En Stock
353264,Dill&#x2B; 5 ml 20.00 PV Al por menor: &#x20AC;29.80 Al por mayor: &#x20AC;22.65,Fórmula propietaria Young Living,"15ml, 5ml",Gama Aceites Plus,33.00,En Stock
353281,Fennel&#x2B; 5 ml 11.50 PV Al por menor: &#x20AC;17.50 Al por mayor: &#x20AC;13.30,Fórmula propietaria Young Living,"15ml, 5ml",Gama Aceites Plus,35.25,En Stock
353298,Ginger&#x2B; 5ml 18.00 PV Al por menor: &#x20AC;26.91 Al por mayor: &#x20AC;20.45,Fórmula propietaria Young Living,"15ml, 5ml",Gama Aceites Plus,37.50,En Stock
353315,Grapefruit&#x2B; 10.50 PV Al por menor: &#x20AC;16.05 Al por mayor: &#x20AC;12.20,Fórmula propietaria Young Living,"15ml, 5ml",Gama Aceites Plus,39.75,En Stock
353332,Lavender&#x2B; 5ml 16.50 PV Al por menor: &#x20AC;24.74 Al por mayor: &#x20AC;18.80,Fórmula propietaria Young Living,"15ml, 5ml",Gama Aceites Plus,42.00,En Stock
353349,Lemon&#x2B; 5ml 9.50 PV Al por menor: &#x20AC;14.61 Al por mayor: &#x20AC;11.10,Fórmula propietaria Young Living,"15ml, 5ml",Gama Aceites Plus,44.25,En Stock
353366,Lemongrass&#x2B; 5ml 9.00 PV Al por menor: &#x20AC;13.88 Al por mayor: &#x20AC;10.55,Fórmula propietaria Young Living,"15ml, 5ml",Gama Aceites Plus,46.50,En Stock
353383,Lime&#x2B; (UK) 8.50 PV Al por menor: &#x20AC;13.16 Al por mayor: &#x20AC;10.00,Fórmula propietaria Young Living,"15ml, 5ml",Gama Aceites Plus,48.75,En Stock
353400,Marjoram&#x2B; 5 ml 18.00 PV Al por menor: &#x20AC;26.91 Al por mayor: &#x20AC;20.45,Fórmula propietaria Young Living,"15ml, 5ml",Gama Aceites Plus,51.00,En Stock
353417,Nutmeg&#x2B; 5 ml 17.00 PV Al por menor: &#x20AC;25.45 Al por mayor: &#x20AC;19.35,Fórmula propietaria Young Living,"15ml, 5ml",Gama Aceites Plus,53.25,En Stock
353434,Orange&#x2B; 5ml 9.00 PV Al por menor: &#x20AC;13.88 Al por mayor: &#x20AC;10.55,Fórmula propietaria Young Living,"15ml, 5ml",Gama Aceites Plus,55.50,En Stock
353451,Oregano&#x2B; 5ml 15.00 PV Al por menor: &#x20AC;22.56 Al por mayor: &#x20AC;17.15,Fórmula propietaria Young Living,"15ml, 5ml",Gama Aceites Plus,57.75,En Stock
353468,Parsley&#x2B; 5 ml 20.00 PV Al por menor: &#x20AC;29.80 Al por mayor: &#x20AC;22.65,Fórmula propietaria Young Living,"15ml, 5ml",Gama Aceites Plus,60.00,En Stock
353485,Peppermint&#x2B; 5ml 13.00 PV Al por menor: &#x20AC;19.67 Al por mayor: &#x20AC;14.95,Fórmula propietaria Young Living,"15ml, 5ml",Gama Aceites Plus,62.25,En Stock
353502,Rosemary&#x2B; 5ml 10.50 PV Al por menor: &#x20AC;16.05 Al por mayor: &#x20AC;12.20,Fórmula propietaria Young Living,"15ml, 5ml",Gama Aceites Plus,64.50,En Stock
353519,Sage&#x2B; 5 ml 15.00 PV Al por menor: &#x20AC;22.56 Al por mayor: &#x20AC;17.15,Fórmula propietaria Young Living,"15ml, 5ml",Gama Aceites Plus,66.75,En Stock
353536,Tangerine&#x2B; 5ml 10.00 PV Al por menor: &#x20AC;15.32 Al por mayor: &#x20AC;11.65,Fórmula propietaria Young Living,"15ml, 5ml",Gama Aceites Plus,69.00,En Stock
353553,Tarragon&#x2B; 5 ml 25.00 PV Al por menor: &#x20AC;37.04 Al por mayor: &#x20AC;28.15,Fórmula propietaria Young Living,"15ml, 5ml",Gama Aceites Plus,71.25,En Stock
353570,Thieves&#x2B; 5ml 18.00 PV Al por menor: &#x20AC;26.91 Al por mayor: &#x20AC;20.45,Fórmula propietaria Young Living,"15ml, 5ml",Gama Aceites Plus,73.50,En Stock
353587,Thyme&#x2B; 5ml 17.00 PV Al por menor: &#x20AC;25.45 Al por mayor: &#x20AC;19.35,Fórmula propietaria Young Living,"15ml, 5ml",Gama Aceites Plus,75.75,En Stock
353604,Young Living Citrus Fresh&#xAE;&#x2B; 5 ml 10.00 PV Al por menor: &#x20AC;15.32 Al por mayor: &#x20AC;11.65,Fórmula propietaria Young Living,"15ml, 5ml",Gama Aceites Plus,78.00,En Stock
353621,Cel-Lite Magic Massage Oil 236 ml 38.00 PV Al por menor: &#x20AC;61.44 Al por mayor: &#x20AC;46.69,Fórmula propietaria Young Living,"15ml, 5ml",Aceites de Masaje,17.25,En Stock
353638,Ortho Ease Massage Oil 43.00 PV Al por menor: &#x20AC;69.41 Al por mayor: &#x20AC;52.74,Fórmula propietaria Young Living,"15ml, 5ml",Aceites de Masaje,19.50,En Stock
353655,Relaxation Massage Oil 236 ml 43.00 PV Al por menor: &#x20AC;69.41 Al por mayor: &#x20AC;52.74,Fórmula propietaria Young Living,"15ml, 5ml",Aceites de Masaje,21.75,En Stock
353672,Young Living V-6&#xAE; Enhanced Vegetable Oil Complex 236 ml 26.50 PV Al por menor: &#x20AC;43.12 Al por mayor: &#x20AC;32.78,Fórmula propietaria Young Living,"15ml, 5ml",Aceites de Masaje,24.00,En Stock
353689,AminoWise 41.00 PV Al por menor: &#x20AC;60.19 Al por mayor: &#x20AC;45.75,Fórmula propietaria Young Living,Unidad estándar,Suplementos y Nutrición,17.25,En Stock
353706,BLM 90 capsules 52.00 PV Al por menor: &#x20AC;76.12 Al por mayor: &#x20AC;57.85,Fórmula propietaria Young Living,Unidad estándar,Suplementos y Nutrición,19.50,En Stock
353723,Bloom Collagen Complete 10 pk 37.00 PV Al por menor: &#x20AC;68.88 Al por mayor: &#x20AC;52.35,Fórmula propietaria Young Living,Unidad estándar,Suplementos y Nutrición,21.75,En Stock
353740,ComforTone 120 Capsules (UK) 41.00 PV Al por menor: &#x20AC;60.19 Al por mayor: &#x20AC;45.75,Fórmula propietaria Young Living,Unidad estándar,Suplementos y Nutrición,24.00,En Stock
353757,Deep Night Essence (AT) 33.50 PV Al por menor: &#x20AC;53.68 Al por mayor: &#x20AC;40.80,Fórmula propietaria Young Living,Unidad estándar,Suplementos y Nutrición,26.25,En Stock
353774,Digest &amp; Cleanse (AT) 30ct 35.00 PV Al por menor: &#x20AC;51.51 Al por mayor: &#x20AC;39.15,Fórmula propietaria Young Living,Unidad estándar,Suplementos y Nutrición,28.50,En Stock
353791,Essentialzyme 90 Caplets 52.00 PV Al por menor: &#x20AC;83.73 Al por mayor: &#x20AC;63.63,Fórmula propietaria Young Living,Unidad estándar,Suplementos y Nutrición,30.75,En Stock
353808,Essentialzymes-4 120 Capsules 60.00 PV Al por menor: &#x20AC;87.69 Al por mayor: &#x20AC;66.65,Fórmula propietaria Young Living,Unidad estándar,Suplementos y Nutrición,33.00,En Stock
353825,Golden Turmeric 39 g 48.00 PV Al por menor: &#x20AC;70.32 Al por mayor: &#x20AC;53.45,Fórmula propietaria Young Living,Unidad estándar,Suplementos y Nutrición,35.25,En Stock
353842,Green Omega 3 (UK) 69.00 PV Al por menor: &#x20AC;100.73 Al por mayor: &#x20AC;76.55,Fórmula propietaria Young Living,Unidad estándar,Suplementos y Nutrición,37.50,En Stock
353859,ICP 227g 33.00 PV Al por menor: &#x20AC;48.62 Al por mayor: &#x20AC;36.95,Fórmula propietaria Young Living,Unidad estándar,Suplementos y Nutrición,39.75,En Stock
353876,IlluminEyes 30 ct 38.50 PV Al por menor: &#x20AC;56.57 Al por mayor: &#x20AC;43.00,Fórmula propietaria Young Living,Unidad estándar,Suplementos y Nutrición,42.00,En Stock
353893,Inner Defense 35.00 PV Al por menor: &#x20AC;51.51 Al por mayor: &#x20AC;39.15,Fórmula propietaria Young Living,Unidad estándar,Suplementos y Nutrición,44.25,En Stock
353910,JuvaGut (UK) 42.00 PV Al por menor: &#x20AC;65.99 Al por mayor: &#x20AC;50.15,Fórmula propietaria Young Living,Unidad estándar,Suplementos y Nutrición,46.50,En Stock
353927,JuvaTone (UK) 35.00 PV Al por menor: &#x20AC;55.13 Al por mayor: &#x20AC;41.90,Fórmula propietaria Young Living,Unidad estándar,Suplementos y Nutrición,48.75,En Stock
353944,KidScents&#xAE; MightyPro 30 ct 38.00 PV Al por menor: &#x20AC;55.86 Al por mayor: &#x20AC;42.45,Fórmula propietaria Young Living,Unidad estándar,Suplementos y Nutrición,51.00,En Stock
353961,KidScents&#xAE; MightyZyme 90ct 46.00 PV Al por menor: &#x20AC;67.43 Al por mayor: &#x20AC;51.25,Fórmula propietaria Young Living,Unidad estándar,Suplementos y Nutrición,53.25,En Stock
353978,Life 9 30 capsules 36.00 PV Al por menor: &#x20AC;52.95 Al por mayor: &#x20AC;40.25,Fórmula propietaria Young Living,Unidad estándar,Suplementos y Nutrición,55.50,En Stock
353995,Longevity Softgels 30 ct (UK) 36.00 PV Al por menor: &#x20AC;52.95 Al por mayor: &#x20AC;40.25,Fórmula propietaria Young Living,Unidad estándar,Suplementos y Nutrición,57.75,En Stock
354012,Master Formula 30 pk 92.00 PV Al por menor: &#x20AC;134.01 Al por mayor: &#x20AC;101.85,Fórmula propietaria Young Living,Unidad estándar,Suplementos y Nutrición,60.00,En Stock
354029,MultiGreens 120 Capsules 50.00 PV Al por menor: &#x20AC;73.23 Al por mayor: &#x20AC;55.65,Fórmula propietaria Young Living,Unidad estándar,Suplementos y Nutrición,62.25,En Stock
354046,Ningxia Greens 43.00 PV Al por menor: &#x20AC;63.10 Al por mayor: &#x20AC;47.95,Fórmula propietaria Young Living,Unidad estándar,Suplementos y Nutrición,64.50,En Stock
354063,Olive Essentials 30 ct (AT) 38.00 PV Al por menor: &#x20AC;55.86 Al por mayor: &#x20AC;42.45,Fórmula propietaria Young Living,Unidad estándar,Suplementos y Nutrición,66.75,En Stock
354080,Sulfurzyme 120 Capsules 39.00 PV Al por menor: &#x20AC;57.30 Al por mayor: &#x20AC;43.55,Fórmula propietaria Young Living,Unidad estándar,Suplementos y Nutrición,69.00,En Stock
354097,Super B - 60 c&#xE1;psulas 60ct - AT 24.00 PV Al por menor: &#x20AC;35.60 Al por mayor: &#x20AC;27.05,Fórmula propietaria Young Living,Unidad estándar,Suplementos y Nutrición,71.25,En Stock
354114,Super C Tablets 120 ct 36.00 PV Al por menor: &#x20AC;52.95 Al por mayor: &#x20AC;40.25,Fórmula propietaria Young Living,Unidad estándar,Suplementos y Nutrición,73.50,En Stock
354131,Super Cal 120 Capsules 30.00 PV Al por menor: &#x20AC;44.28 Al por mayor: &#x20AC;33.65,Fórmula propietaria Young Living,Unidad estándar,Suplementos y Nutrición,75.75,En Stock
354148,Super Magnesium 29.00 PV Al por menor: &#x20AC;50.79 Al por mayor: &#x20AC;38.60,Fórmula propietaria Young Living,Unidad estándar,Suplementos y Nutrición,78.00,En Stock
354165,Super Vitamin D 120 tablets 36.00 PV Al por menor: &#x20AC;52.95 Al por mayor: &#x20AC;40.25,Fórmula propietaria Young Living,Unidad estándar,Suplementos y Nutrición,80.25,En Stock
354182,Celebra los momentos que importan Cat&#xE1;logo festivo 13.00 PV Al por menor: &#x20AC;52.68 Al por mayor: &#x20AC;40.04,Fórmula propietaria Young Living,Unidad estándar,Línea Thieves,17.25,En Stock
354199,Dispensador de toallitas 0.00 PV Al por menor: &#x20AC;29.60 Al por mayor: &#x20AC;22.49,Fórmula propietaria Young Living,Unidad estándar,Línea Thieves,19.50,En Stock
354216,Fresh Lemon GlassCleaner Concentrate 12.50 PV Al por menor: &#x20AC;25.62 Al por mayor: &#x20AC;19.47,Fórmula propietaria Young Living,Unidad estándar,Línea Thieves,21.75,En Stock
354233,Kit de inicio de lujo &quot;Make a Shift&quot; con Thieves&#xAE; (EN) 100.00 PV Al por menor: &#x20AC;232.43 Al por mayor: &#x20AC;176.65,Fórmula propietaria Young Living,Unidad estándar,Línea Thieves,24.00,En Stock
354250,Thieves Bar Soap 100g 12.50 PV Al por menor: &#x20AC;27.21 Al por mayor: &#x20AC;20.68,Fórmula propietaria Young Living,Unidad estándar,Línea Thieves,26.25,En Stock
354267,Thieves Dental Floss 3 pk - 50 m 11.00 PV Al por menor: &#x20AC;18.45 Al por mayor: &#x20AC;14.02,Fórmula propietaria Young Living,Unidad estándar,Línea Thieves,28.50,En Stock
354284,Thieves Foaming Hand Soap 3 pk 52.00 PV Al por menor: &#x20AC;83.73 Al por mayor: &#x20AC;63.63,Fórmula propietaria Young Living,Unidad estándar,Línea Thieves,30.75,En Stock
354301,Thieves Foaming Hand Soap Refill 946 ml 47.00 PV Al por menor: &#x20AC;75.77 Al por mayor: &#x20AC;57.58,Fórmula propietaria Young Living,Unidad estándar,Línea Thieves,33.00,En Stock
354318,Thieves Fresh Essence Mouthwash 236 ml 15.50 PV Al por menor: &#x20AC;25.62 Al por mayor: &#x20AC;19.47,Fórmula propietaria Young Living,Unidad estándar,Línea Thieves,35.25,En Stock
354335,Thieves Household Cleaner 1.8 l 102.00 PV Al por menor: &#x20AC;163.34 Al por mayor: &#x20AC;124.13,Fórmula propietaria Young Living,Unidad estándar,Línea Thieves,37.50,En Stock
354352,Thieves Loyalty Rewards Kit 133.00 PV Al por menor: &#x20AC;212.69 Al por mayor: &#x20AC;161.64,Fórmula propietaria Young Living,Unidad estándar,Línea Thieves,39.75,En Stock
354369,Thieves Spray 29 ml - 1 pk 11.50 PV Al por menor: &#x20AC;19.25 Al por mayor: &#x20AC;14.63,Fórmula propietaria Young Living,Unidad estándar,Línea Thieves,42.00,En Stock
354386,Thieves Vapour Rub 50 g 31.00 PV Al por menor: &#x20AC;50.30 Al por mayor: &#x20AC;38.22,Fórmula propietaria Young Living,Unidad estándar,Línea Thieves,44.25,En Stock
354403,Thieves Waterless Hand Purifier 29 ml - 1 pk 7.50 PV Al por menor: &#x20AC;13.67 Al por mayor: &#x20AC;10.39,Fórmula propietaria Young Living,Unidad estándar,Línea Thieves,46.50,En Stock
354420,Thieves&#xAE; Dishwasher Tablets 21.00 PV Al por menor: &#x20AC;42.34 Al por mayor: &#x20AC;32.17,Fórmula propietaria Young Living,Unidad estándar,Línea Thieves,48.75,En Stock
354437,Thieves&#xAE; Fruit &amp; Veggie Soak (UK) 426 ml 20.50 PV Al por menor: &#x20AC;33.58 Al por mayor: &#x20AC;25.52,Fórmula propietaria Young Living,Unidad estándar,Línea Thieves,51.00,En Stock
354454,Thieves&#xAE; Household Cleaner&#xA0; (UK) 27.00 PV Al por menor: &#x20AC;43.92 Al por mayor: &#x20AC;33.38,Fórmula propietaria Young Living,Unidad estándar,Línea Thieves,53.25,En Stock
354471,Thieves&#xAE; Kitchen &amp; Bath Scrub 18.00 PV Al por menor: &#x20AC;29.60 Al por mayor: &#x20AC;22.49,Fórmula propietaria Young Living,Unidad estándar,Línea Thieves,55.50,En Stock
354488,Thieves&#xAE; Laundry Soap (UK) 946 ml 35.50 PV Al por menor: &#x20AC;57.46 Al por mayor: &#x20AC;43.67,Fórmula propietaria Young Living,Unidad estándar,Línea Thieves,57.75,En Stock
354505,Thieves&#xAE; Multipurpose Wipes 14.50 PV Al por menor: &#x20AC;29.60 Al por mayor: &#x20AC;22.49,Fórmula propietaria Young Living,Unidad estándar,Línea Thieves,60.00,En Stock
354522,Thieves&#xAE; Washing Up Liquid (UK) 17.50 PV Al por menor: &#x20AC;28.80 Al por mayor: &#x20AC;21.89,Fórmula propietaria Young Living,Unidad estándar,Línea Thieves,62.25,En Stock
354539,Thieves&#xAE; Whitening Toothpaste 114 g 16.50 PV Al por menor: &#x20AC;27.21 Al por mayor: &#x20AC;20.68,Fórmula propietaria Young Living,Unidad estándar,Línea Thieves,64.50,En Stock
354556,NingXia NITRO 14 sachets 50.00 PV Al por menor: &#x20AC;73.23 Al por mayor: &#x20AC;55.65,Fórmula propietaria Young Living,Unidad estándar,NingXia Red,17.25,En Stock
354573,NingXia Red 4pk - 750ml 155.00 PV Al por menor: &#x20AC;225.19 Al por mayor: &#x20AC;171.15,Fórmula propietaria Young Living,Unidad estándar,NingXia Red,19.50,En Stock
354590,NingXia Red 2 pk - 750 ml 86.00 PV Al por menor: &#x20AC;125.32 Al por mayor: &#x20AC;95.25,Fórmula propietaria Young Living,Unidad estándar,NingXia Red,21.75,En Stock
354607,NingXia Red 60 ml Singles 30 pk - 60 ml 105.00 PV Al por menor: &#x20AC;152.82 Al por mayor: &#x20AC;116.15,Fórmula propietaria Young Living,Unidad estándar,NingXia Red,24.00,En Stock
354624,NingXia Red Combo Pack 2 x 750 ml &#x2B; 30 x 60ml 175.00 PV Al por menor: &#x20AC;254.14 Al por mayor: &#x20AC;193.15,Fórmula propietaria Young Living,Unidad estándar,NingXia Red,26.25,En Stock
354641,NingXia Zyng 12 pk 33.50 PV Al por menor: &#x20AC;68.16 Al por mayor: &#x20AC;51.80,Fórmula propietaria Young Living,Unidad estándar,NingXia Red,28.50,En Stock
